{
    "mass": [
        32.366226888890154,
        96.43354480846513,
        49.448019181447336,
        58.78082109959532,
        48.168349935970106,
        30.133753724286095,
        63.646400630701976,
        66.353211529894,
        7.1826333945169205,
        37.60472471004936
    ],
    "speed": [
        16.404463987850708,
        41.37145984820703,
        3.7714521848327687,
        16.588703774722163,
        4.286224448867343,
        28.648008952901876,
        40.037985806813445,
        37.20577902025598,
        22.848322037344648,
        36.103960850643695
    ],
    "height": [
        41.25300482960675,
        55.742345548024865,
        42.82163522569565,
        50.69687670610635,
        91.54266212176789,
        51.038730486441665,
        87.34621303631319,
        22.034828821589393,
        3.499703275535937,
        80.83977649379878
    ],
    "wire_length": [
        2.2404211657735713,
        2.646813260122599,
        2.689417587817423,
        3.8256997876458874,
        5.419157573779033,
        3.2491869141062373,
        7.773550219177524,
        7.734376616682401,
        3.17079487143906,
        8.646738315897636
    ],
    "wire_diameter": [
        0.9464592758115166,
        0.5325376163171517,
        0.18858809697737128,
        0.2708421716824676,
        0.8686269311935391,
        0.7959639622612721,
        0.9276946414761282,
        0.7009734975394065,
        0.5043202624454202,
        0.6150488993757065
    ],
    "motor_power": [
        415.04232132907373,
        358.7330465426309,
        635.6657389488607,
        936.630529719653,
        862.7344078652178,
        700.0713544033848,
        521.9440880983859,
        757.0885317324404,
        847.1349633489378,
        787.9705218919729
    ],
    "operational_time": [
        4.002736692937016,
        10.26305390654823,
        17.96282307624488,
        12.428361442722542,
        20.224643282924987,
        12.145206483523635,
        5.692856876154455,
        15.193555122674105,
        10.838515912780199,
        22.802315935687126
    ],
    "maintenance_cost": [
        7622.787637828233,
        2618.0861796584895,
        1502.209737982343,
        3502.1669737158372,
        7627.892596053411,
        7410.991068927328,
        5028.458321878685,
        7003.8873061430395,
        7279.403718940251,
        5516.377665308563
    ],
    "training_cost": [
        1523.3706525277905,
        3883.0090318308103,
        1276.6982637211204,
        1307.7037605046423,
        4180.444414703766,
        3369.653126325662,
        2674.48796120747,
        2207.389405067826,
        4057.285017060876,
        1514.448952300046
    ],
    "material_strength": [
        239.13772693634297,
        540.0637938329677,
        969.6432078862174,
        720.6461298845484,
        884.0729346403449,
        195.71409471376148,
        339.8121358832061,
        722.6100074457048,
        327.23973458531896,
        407.4795272065433
    ],
    "budget": [
        28364.197937462683,
        84110.51902503252,
        59560.02922478062,
        60250.92852829786,
        80923.53642349775,
        50730.28470606291,
        47236.959334009654,
        46756.56375890067,
        44783.26313103869,
        36493.51259528077
    ],
    "location": [
        38.208851068952235,
        51.11116565228707,
        85.65187053644507,
        96.66154307256897,
        3.129486785713864,
        2.108389670722799,
        69.11170938462854,
        97.70693472258924,
        8.041314739673911,
        21.737640686853197
    ],
    "reactant1": [
        12.860663564446401,
        7.138268327221309,
        48.21095269994959,
        25.76396409910705,
        44.897481774997935,
        39.62429782287341,
        22.03046058686626,
        4.640416614137016,
        43.868247805917484,
        7.882487004187211
    ],
    "reactant2": [
        20.098010792425296,
        3.650674133250953,
        27.48878268498492,
        18.98244978078797,
        37.70579398588678,
        3.1834229196290753,
        43.29052955206736,
        47.51193960361083,
        15.563207899678444,
        1.2885099154126223
    ],
    "sample_type": [
        1,
        3,
        2,
        3,
        3,
        3,
        2,
        4,
        2,
        4
    ],
    "wind_speed": [
        10.651761644499398,
        17.639339459359427,
        18.225137934737894,
        9.65265641591699,
        3.9294164611191773,
        4.650166896207599,
        2.2944432398574865,
        15.765940805000136,
        11.896449498480886,
        6.725666563614549
    ],
    "area": [
        20.502514624845254,
        82.44734569281584,
        50.196124105690174,
        19.481183867716645,
        42.0355054764183,
        91.92376008655968,
        99.66819138817579,
        61.48803585917707,
        84.33641978379441,
        96.65762211682004
    ],
    "iron_temp": [
        484.12916006369994,
        476.3683464575787,
        258.0051027597453,
        231.06943403995567,
        348.34925359224314,
        178.5170347751137,
        452.5624962160898,
        196.34889339570407,
        488.9752731232964,
        315.70981076467933
    ],
    "motor_temp": [
        444.84410818099917,
        314.76736597040383,
        164.25572454140166,
        190.58949374381592,
        224.8146008480318,
        443.951994142467,
        181.28782591965444,
        167.72521591467205,
        304.0072486072992,
        462.29843078250246
    ]
}